excel_customer,excel_shipto,mobi_customer_id,mobi_customer_name
EDENWALD SENIOR LIVING,800 SOUTHERLY ROAD,10812,Edenwald Senior Living
MOM'S ORGANIC MARKET/ WASH NL,1501 NEW YORK AVENUE NE,10944,MOM's Organic Market - Ivy City
MOM'S ORGANIC MARKET/ WASH NL : MOM'S ORGANIC MARKET/COLUM-JES,7351 ASSATEAGUE DRIVE  STE 190,10373,MOM's Organic Market- Jessup
WEINBERG HOUSING & RESOURCE : ASSOC CATHOLIC CHARITIES,725 FALLSWAY,9265,Our Daily Bread
MOM'S ORGANIC MARKET/ WASH NL : MOM'S ORGANIC MKT WHITE MARSH,5267 CAMPBELL BLVD,1717780,MOM's Organic Market - White Marsh
MOM'S ORGANIC MARKET/ WASH NL : MOM'S ORGANIC MKT ROCKVILLE,5566 RANDOLPH RD,10434,MOM's Organic Market - Rockville
MOM'S ORGANIC MARKET/ WASH NL : MOM'S ORGANIC GAITHERSBURG,10 UPPER ROCK CIRCLE,10349,MOM'S ORGANIC MARKET - GAITHERSBURG
MOM'S ORGANIC MARKET/ WASH NL : MOM'S ORGANIC MARKET/HERDON,424 ELDEN ST,10478,MOM's Organic Market - Herndon
MOM'S ORGANIC MARKET/ WASH NL : MOM'S ORGANIC MARKET NEW JERSEY,aka MOM'S ORGANIC MARKET INC,5335022,MOM'S Organic Market - Natick 
MOM'S ORGANIC MARKET/ WASH NL : MOM'S ORGANIC MARKET/WOODBRIDG,14470 SMOKETOWN RD,1717781,MOM's Organic Market - Woodbridge VA
DOUBLE T DINER - PASADENA,1 MOUNTAIN ROAD,9221,Double T Diner
MOM'S ORGANIC MARKET/ WASH NL : MOM'S ORGANIC OF MERRIFIELD,8298 GLASS ALLEY,10527,MOM's Organic Market - Fairfax
MOM'S ORGANIC MARKET/ WASH NL : MOM'S ORGANIC-DOBBS FERRY,83 STANLEY AVENUE,10492,Mom’s Organic Market
MOM'S ORGANIC MARKET/ WASH NL : MOM'S ORGANIC MARKET / ALEXAN,3831 MT VERNON AVE,10206,MOM's Organic Market - Alexandria
Great Sage,5809 Clarksville Square Drive,9388,GREAT SAGE
MOM'S ORGANIC MARKET/ WASH NL : MOM'S ORGANIC ABINGTON,925 EASTON ROAD,5425435,Mom's Organic Market Abington (021)
MOM'S ORGANIC MARKET/ WASH NL : MOM'S ORGANIC MARKET / LUTHERV,20 W RIDGELY ROAD,1717784,MOM's Organic Market-Timonium
MOM'S ORGANIC MARKET/ WASH NL : MOM'S ORGANIC MARKET/BRYN MAWR,1149 EAST LANCASTER AVENUE,1717769,MOM's Organic Market - Bryn Mawr
MOM'S ORGANIC MARKET/ WASH NL : MOM'S ORGANIC MARKET/FREDERICK,5273 BUCKEYSTOWN PIKE,1717774,MOM's Organic Market - Frederick
MOM'S ORGANIC MARKET/ WASH NL : MOM'S ORGANIC MARKET/WALDORF,3301 PLAZA WAY,1717779,MOM's Organic Market - Waldorf
MOM'S ORGANIC MARKET/ WASH NL : Mom's Organic Market - Natick,1314 Worcester St,5335022,MOM'S Organic Market - Natick 
MOM'S ORGANIC MARKET/ WASH NL : MOM'S ORGANIC MARKET/ARLING NL,1901 N VEITCH ST,10233,MOM'S ORGANIC MARKET - ARLINGTON
MOM'S ORGANIC MARKET/ WASH NL : MOM'S ORGANIC MARKET / BOWIE,6824 RACE TRACK ROAD,1717783,MOM's Organic Market-Bowie
MOM'S ORGANIC MARKET/ WASH NL : Mom's Organic UDC,4250 Connecticut Ave NW,5407426,Mom’s Organic Market - UDC
THE WILDSET HOTEL,209 N TALBOT ST,3557501,Wildset Hotel
Mom's Organic Severna Park,562A Governor Ritchie Highway,5545036,MOM’s Organic Market Severna Park
