excel_master_customer,mobi_customer_id,mobi_customer_name
BANTAM KING,,
BEN'S NEXT DOOR,,
BLACK HOG BBQ : BLACK HOG BBQ 2,,
BLACK HOG BBQ : BLACK HOG BBQ 3,,
Black's Bar and Kitchen,,
CARLOS ROSARIO CHARTER SCHOOL,,
CAVA MEZZE ROCKVILLE,,
DOUBLE T DINER - PASADENA,,
EC DINER,,
ECHOSTAGE,,
ECHOSTAGE : SOUNDCHECK LLC,,
EDDIE'S OF ROLAND PARK : EDDIE'S OF CHARLES ST.,,
EDENWALD SENIOR LIVING,,
GRAZIE GRAZIE : Grazie Grazie Ballston,,
GREAT AMERICAN BISTROS,,
Great Sage,,
HEIRLOOM FOOD GROUP,,
JETTIES INC,,
LOVE MAKOTO,,
MATTHEW'S 1600,,
MOM'S ORGANIC MARKET/ WASH NL,,
MOM'S ORGANIC MARKET/ WASH NL : MOM'S ORGANIC ABINGTON,,
MOM'S ORGANIC MARKET/ WASH NL : MOM'S ORGANIC GAITHERSBURG,,
MOM'S ORGANIC MARKET/ WASH NL : MOM'S ORGANIC MARKET / ALEXAN,,
MOM'S ORGANIC MARKET/ WASH NL : MOM'S ORGANIC MARKET / BOWIE,,
MOM'S ORGANIC MARKET/ WASH NL : MOM'S ORGANIC MARKET / LUTHERV,,
MOM'S ORGANIC MARKET/ WASH NL : MOM'S ORGANIC MARKET BALTIMORE,,
MOM'S ORGANIC MARKET/ WASH NL : MOM'S ORGANIC MARKET NEW JERSEY,,
MOM'S ORGANIC MARKET/ WASH NL : MOM'S ORGANIC MARKET- PHILA,,
MOM'S ORGANIC MARKET/ WASH NL : MOM'S ORGANIC MARKET/ARLING NL,,
MOM'S ORGANIC MARKET/ WASH NL : MOM'S ORGANIC MARKET/BRYN MAWR,,
MOM'S ORGANIC MARKET/ WASH NL : MOM'S ORGANIC MARKET/COLL PARK,,
MOM'S ORGANIC MARKET/ WASH NL : MOM'S ORGANIC MARKET/COLUM-JES,,
MOM'S ORGANIC MARKET/ WASH NL : MOM'S ORGANIC MARKET/FREDERICK,,
MOM'S ORGANIC MARKET/ WASH NL : MOM'S ORGANIC MARKET/HERDON,,
MOM'S ORGANIC MARKET/ WASH NL : MOM'S ORGANIC MARKET/WALDORF,,
MOM'S ORGANIC MARKET/ WASH NL : MOM'S ORGANIC MARKET/WOODBRIDG,,
MOM'S ORGANIC MARKET/ WASH NL : MOM'S ORGANIC MKT BURLINGTON,,
MOM'S ORGANIC MARKET/ WASH NL : MOM'S ORGANIC MKT PARAMUS,,
MOM'S ORGANIC MARKET/ WASH NL : MOM'S ORGANIC MKT ROCKVILLE,,
MOM'S ORGANIC MARKET/ WASH NL : MOM'S ORGANIC MKT WHITE MARSH,,
MOM'S ORGANIC MARKET/ WASH NL : MOM'S ORGANIC OF MERRIFIELD,,
MOM'S ORGANIC MARKET/ WASH NL : MOM'S ORGANIC-DOBBS FERRY,,
MOM'S ORGANIC MARKET/ WASH NL : Mom's Organic Market - Natick,,
MOM'S ORGANIC MARKET/ WASH NL : Mom's Organic Market Silver Spring,,
MOM'S ORGANIC MARKET/ WASH NL : Mom's Organic UDC,,
Mom's Organic Severna Park,,
PURDY GROUP LLC,,
ROGGENART COLUMBIA,,
ROGGENART ELLICOTT CITY,,
RUSTIQ BAKERY CAFE,,
Roggenart Baltimore,,
Roggenart Frederick,,
SAGE GONZAGA COLLEGE,,
SOUTHWEST MOUNTAINS VINEYARDS,,
"SUBURBAN CLUB, THE",,
SWISS BAKERY & PASTRY SHOP,,
Somerset County Public Schools : Somerset County Public Schools Foodservice,,
THE WILDSET HOTEL,,
TONARI,,
WEINBERG HOUSING & RESOURCE : ASSOC CATHOLIC CHARITIES,,
